-- --------------------------------------------------------
-- Сервер:                       127.0.0.1
-- Версія сервера:               5.6.20 - MySQL Community Server (GPL)
-- ОС сервера:                   Win64
-- HeidiSQL Версія:              9.1.0.4867
-- --------------------------------------------------------

/*!40101 SET @OLD_CHARACTER_SET_CLIENT=@@CHARACTER_SET_CLIENT */;
/*!40101 SET NAMES utf8mb4 */;
/*!40014 SET @OLD_FOREIGN_KEY_CHECKS=@@FOREIGN_KEY_CHECKS, FOREIGN_KEY_CHECKS=0 */;
/*!40101 SET @OLD_SQL_MODE=@@SQL_MODE, SQL_MODE='NO_AUTO_VALUE_ON_ZERO' */;

-- Dumping database structure for spd
CREATE DATABASE IF NOT EXISTS `spd` /*!40100 DEFAULT CHARACTER SET utf8 */;
USE `spd`;


-- Dumping structure for таблиця spd.answers
CREATE TABLE IF NOT EXISTS `answers` (
  `id` int(11) NOT NULL AUTO_INCREMENT,
  `answer` text,
  `correct` int(11) DEFAULT NULL,
  `question_id` int(11) DEFAULT NULL,
  PRIMARY KEY (`id`)
) ENGINE=InnoDB AUTO_INCREMENT=210 DEFAULT CHARSET=utf8;

-- Dumping data for table spd.answers: ~72 rows (приблизно)
DELETE FROM `answers`;
/*!40000 ALTER TABLE `answers` DISABLE KEYS */;
INSERT INTO `answers` (`id`, `answer`, `correct`, `question_id`) VALUES
	(1, 'Прем’єр-міністр України, перший віце-прем’єр-міністр, три віце-прем’єр-міністри, міністри;', 0, 1),
	(2, 'Прем’єр-міністр України, перший віце-прем’єр-міністр, віце-прем’єр-міністри, міністри України;', 1, 1),
	(3, 'Прем’єр-міністр України, перший віце-прем’єр-міністр, один віце-прем’єр-міністр, міністри;', 0, 1),
	(4, 'Прем’єр-міністр України, три перших віце-прем’єр-міністр,  віце-прем’єр-міністри, міністри.', 0, 1),
	(5, 'такими, що не можуть бути обмежені;', 0, 2),
	(6, 'невідчужуваними та непорушними;', 1, 2),
	(7, 'вільними та рівними;', 0, 2),
	(8, 'вичерпними.', 0, 2),
	(9, 'Верховна Рада України;', 0, 3),
	(10, 'народні депутати України;', 0, 3),
	(11, 'комітети Верховної Ради України;', 0, 3),
	(12, 'Уповноважений верховної Ради України з прав людини.', 1, 3),
	(13, 'невідчужуваним;', 0, 4),
	(14, 'рівним;', 1, 4),
	(15, 'необмеженим;', 0, 4),
	(16, 'вільним.', 0, 4),
	(17, 'Президент України зобов’язаний його підписати та офіційно оприлюднити;', 0, 5),
	(18, 'Президент України зобов’язаний його підписати та офіційно оприлюднити протягом 10 днів;', 1, 5),
	(19, 'Президент України має право повернути його зі своїми вмотивованими і сформульованими пропозиціями;', 0, 5),
	(20, 'Закон має бути підписаний Головою Верховної Ради України та оприлюднений.', 0, 5),
	(21, 'Так.', 1, 6),
	(22, 'Ні.', 0, 6),
	(23, 'Так.', 1, 7),
	(24, 'Ні.', 0, 7),
	(25, 'Так, підзвітні з питань здійснення повноважень місцевих державних адміністрацій.', 1, 8),
	(26, 'Ні, не підзвітні.', 0, 8),
	(27, 'Так, підзвітні з питань здійснення повноважень територіальних органів юстиції.', 0, 8),
	(28, 'Так, уповноважений.', 1, 9),
	(29, 'Ні, не уповноважений.', 0, 9),
	(30, '20 днів;', 1, 10),
	(31, '10 днів;', 0, 10),
	(32, '30 днів.', 0, 10),
	(33, 'неоднакове застосування судом (судами) касаційної інстанції одних і тих самих норм матеріального та процесуального права, що потягло ухвалення різних за змістом судових рішень у подібних правовідносинах;', 0, 11),
	(34, 'неоднакове застосування судом (судами) касаційної інстанції одних і тих самих норм матеріального права, що потягло ухвалення різних за змістом судових рішень у подібних правовідносинах;', 1, 11),
	(35, 'неоднакове застосування судом (судами) касаційної інстанції одних і тих самих норм процесуального права, що потягло ухвалення різних за змістом судових рішень у подібних правовідносинах.', 0, 11),
	(36, 'на 7 днів;', 0, 12),
	(37, 'на 3 дні;', 0, 12),
	(38, 'на 5 днів.', 1, 12),
	(39, 'апеляційна інстанція по відношенню до національних судів;', 0, 13),
	(40, 'міжнародний судовий орган;', 1, 13),
	(41, 'міжнародний арбітраж. ', 0, 13),
	(42, 'так;', 1, 14),
	(43, 'ні;', 0, 14),
	(44, 'так, якщо це неурядова організація.', 0, 14),
	(45, 'вичерпання всіх національних засобів правового захисту та дотримання шестимісячного строку звернення до Суду;', 1, 15),
	(46, 'вичерпання всіх національних засобів правового захисту;', 0, 15),
	(47, 'вичерпання всіх національних засобів правового захисту та дотримання восьмимісячного строку звернення до Суду.', 0, 15),
	(48, 'Міністр юстиції України;', 0, 16),
	(49, 'Верховна Рада України;', 0, 16),
	(50, 'Кабінет Міністрів України;', 1, 16),
	(51, 'Президент України.', 0, 16),
	(52, 'обґрунтованість заяви;', 0, 17),
	(53, 'сплата судового збору;', 1, 17),
	(54, 'сумісність скарг з положеннями Конвенції або Протоколів до неї;', 0, 17),
	(55, 'вичерпання всіх національних засобів правового захисту.', 0, 17),
	(56, 'так;', 0, 18),
	(57, 'ні;', 1, 18),
	(58, 'у виняткових випадках, передбачених Конвенцією або Протоколами до неї', 0, 18),
	(59, 'забезпечення представництва України в у будь-яких закордонних юрисдикційних органах;', 0, 19),
	(60, 'забезпечення представництва громадян України в Європейському суді з прав людини;', 0, 19),
	(61, 'забезпечення представництва України в Європейському суді з прав людини.', 1, 19),
	(138, 'Вова', 0, 39),
	(139, 'Петька', 0, 39),
	(140, 'Мганга', 1, 39),
	(141, 'Люда', 0, 39);
/*!40000 ALTER TABLE `answers` ENABLE KEYS */;


-- Dumping structure for таблиця spd.currtest
CREATE TABLE IF NOT EXISTS `currtest` (
  `id` int(11) NOT NULL AUTO_INCREMENT,
  `answer_id` int(11) DEFAULT NULL,
  `question_id` int(11) DEFAULT NULL,
  `sessionID` text,
  `test_id` int(11) DEFAULT NULL,
  `user_id` int(11) DEFAULT NULL,
  PRIMARY KEY (`id`)
) ENGINE=InnoDB AUTO_INCREMENT=86 DEFAULT CHARSET=utf8;

-- Dumping data for table spd.currtest: ~10 rows (приблизно)
DELETE FROM `currtest`;
/*!40000 ALTER TABLE `currtest` DISABLE KEYS */;
/*!40000 ALTER TABLE `currtest` ENABLE KEYS */;


-- Dumping structure for таблиця spd.questions
CREATE TABLE IF NOT EXISTS `questions` (
  `id` int(11) NOT NULL AUTO_INCREMENT,
  `question` text,
  `test_id` int(11) DEFAULT NULL,
  PRIMARY KEY (`id`)
) ENGINE=InnoDB AUTO_INCREMENT=75 DEFAULT CHARSET=utf8;

-- Dumping data for table spd.questions: ~22 rows (приблизно)
DELETE FROM `questions`;
/*!40000 ALTER TABLE `questions` DISABLE KEYS */;
INSERT INTO `questions` (`id`, `question`, `test_id`) VALUES
	(1, 'До складу Кабінету Міністрів України входять:', 1),
	(2, 'Права і свободи людини є:', 1),
	(3, 'Парламентський контроль за додержанням конституційних прав і свобод людини і громадянина здійснює:', 1),
	(4, 'Право доступу до державної служби для громадян України є:', 1),
	(5, 'Якщо під час повторного розгляду Закон знову прийнятий Верховною Радою України не менш як двома третинами від її конституційного складу:', 1),
	(6, 'Чи мають погоджувати територіальні органи юстиції пропозиції щодо пріоритетів своєї роботи з головами місцевих державних адміністрацій?', 1),
	(7, 'Чи можуть заслуховуватись на засіданнях колегій місцевих держадміністрацій звіти керівників територіальних органів про виконання планів роботи?', 1),
	(8, 'Чи підзвітні керівники територіальних органів юстиції головам відповідних місцевих державних адміністрації? Якщо підзвітні, визначити з яких питань?', 1),
	(9, 'Чи уповноважений голова місцевої державної адміністрації порушувати питання про відповідність займаній посаді керівника відповідного територіального органу юстиції?', 1),
	(10, 'Строк касаційного оскарження судових рішень:', 2),
	(11, 'Підстава для подання заяви про перегляд судових рішень Верховним Судом України', 2),
	(12, 'Строк складення постанови в справах адміністративного судочинства у повному обсязі може бути відкладено не більше ніж:', 2),
	(13, 'Європейський суд з прав людини – це:', 2),
	(14, 'Чи може звернутися до Європейського суду з прав людини юридична особа:', 2),
	(15, 'Європейський суд з прав людини може взяти до розгляду заяву лише за таких умов:', 2),
	(16, 'Урядового уповноваженого у справах Європейського суду з прав людини призначає на посаду та звільняє з посади:', 2),
	(17, 'Не є умовою прийнятності заяви до розгляду Європейським судом:', 2),
	(18, 'Чи має Європейський суд повноваження скасовувати або змінювати рішення національних судів:', 2),
	(19, 'Основним завданням Урядового уповноваженого у справах Європейського суду з прав людини є:', 2),
	(39, 'Как Тебя звать?', 2);
/*!40000 ALTER TABLE `questions` ENABLE KEYS */;


-- Dumping structure for таблиця spd.resulttest
CREATE TABLE IF NOT EXISTS `resulttest` (
  `id` int(11) NOT NULL AUTO_INCREMENT,
  `user_id` int(11) NOT NULL DEFAULT '0',
  `test_id` int(11) NOT NULL DEFAULT '0',
  `result` int(11) NOT NULL DEFAULT '0',
  PRIMARY KEY (`id`)
) ENGINE=InnoDB AUTO_INCREMENT=104 DEFAULT CHARSET=utf8;

-- Dumping data for table spd.resulttest: ~46 rows (приблизно)
DELETE FROM `resulttest`;
/*!40000 ALTER TABLE `resulttest` DISABLE KEYS */;
INSERT INTO `resulttest` (`id`, `user_id`, `test_id`, `result`) VALUES
	(10, 61, 1, 3),
	(11, 61, 1, 2),
	(12, 61, 2, 2),
	(16, 27, 1, 2),
	(17, 27, 1, 2),
	(18, 27, 1, 4),
	(19, 27, 2, 2),
	(26, 27, 1, 1),
	(27, 67, 1, 2),
	(28, 68, 1, 4),
	(29, 27, 1, 5),
	(30, 27, 1, 1),
	(31, 61, 1, 4),
	(32, 27, 2, 2),
	(57, 61, 2, 2),
	(58, 61, 2, 2),
	(59, 61, 2, 1),
	(60, 27, 2, 1),
	(61, 61, 2, 4),
	(62, 61, 2, 1),
	(63, 61, 1, 1),
	(64, 27, 2, 0),
	(65, 27, 1, 2),
	(66, 27, 1, 2),
	(67, 61, 1, 0),
	(68, 61, 1, 1),
	(69, 61, 2, 1),
	(70, 61, 2, 3),
	(71, 61, 2, 1),
	(72, 61, 2, 1),
	(73, 61, 2, 3),
	(74, 61, 2, 3),
	(75, 61, 2, 3),
	(76, 61, 2, 1),
	(77, 61, 2, 1),
	(78, 61, 2, 0),
	(79, 61, 2, 3),
	(80, 76, 1, 3),
	(81, 77, 1, 2),
	(82, 27, 1, 2),
	(83, 77, 1, 3),
	(84, 78, 1, 2),
	(85, 79, 2, 2),
	(86, 80, 1, 2),
	(87, 81, 2, 1),
	(88, 81, 2, 3),
	(89, 27, 1, 3),
	(90, 87, 1, 1),
	(91, 61, 1, 1),
	(92, 61, 2, 3),
	(93, 61, 1, 2),
	(94, 27, 2, 2),
	(95, 27, 2, 2),
	(96, 61, 2, 1),
	(97, 61, 2, 2),
	(98, 61, 2, 0),
	(99, 61, 2, 1),
	(100, 61, 2, 3),
	(101, 61, 1, 4),
	(102, 61, 2, 3),
	(103, 61, 1, 0);
/*!40000 ALTER TABLE `resulttest` ENABLE KEYS */;


-- Dumping structure for таблиця spd.test
CREATE TABLE IF NOT EXISTS `test` (
  `id` int(11) NOT NULL AUTO_INCREMENT,
  `name` text,
  PRIMARY KEY (`id`)
) ENGINE=InnoDB AUTO_INCREMENT=3 DEFAULT CHARSET=utf8;

-- Dumping data for table spd.test: ~2 rows (приблизно)
DELETE FROM `test`;
/*!40000 ALTER TABLE `test` DISABLE KEYS */;
INSERT INTO `test` (`id`, `name`) VALUES
	(1, 'Загальні питання'),
	(2, 'Представництво інтересів Кабінету Міністрів України та Міністерства юстиції України у судах України');
/*!40000 ALTER TABLE `test` ENABLE KEYS */;


-- Dumping structure for таблиця spd.user
CREATE TABLE IF NOT EXISTS `user` (
  `id` int(11) NOT NULL AUTO_INCREMENT,
  `password` text,
  `username` text,
  `userrole` text,
  PRIMARY KEY (`id`)
) ENGINE=InnoDB AUTO_INCREMENT=88 DEFAULT CHARSET=utf8;

-- Dumping data for table spd.user: ~13 rows (приблизно)
DELETE FROM `user`;
/*!40000 ALTER TABLE `user` DISABLE KEYS */;
INSERT INTO `user` (`id`, `password`, `username`, `userrole`) VALUES
	(27, '123', '123', 'user'),
	(61, 'admin', 'admin', 'admin'),
	(75, '456', '456', 'user'),
	(76, 'admin11', 'admin11', 'user'),
	(79, '78', '79', 'user'),
	(80, '4564', '4546', 'user'),
	(81, 'dgfg', 'ghdf', 'user'),
	(82, '12344', '123444', 'user'),
	(83, '77777', '77777777777', 'user'),
	(84, '8888888', '88888888888', 'user'),
	(85, '13', '5544', 'user'),
	(86, '00', '00', 'user'),
	(87, '77', '88754', 'user');
/*!40000 ALTER TABLE `user` ENABLE KEYS */;
/*!40101 SET SQL_MODE=IFNULL(@OLD_SQL_MODE, '') */;
/*!40014 SET FOREIGN_KEY_CHECKS=IF(@OLD_FOREIGN_KEY_CHECKS IS NULL, 1, @OLD_FOREIGN_KEY_CHECKS) */;
/*!40101 SET CHARACTER_SET_CLIENT=@OLD_CHARACTER_SET_CLIENT */;
